Content Title,Content Description,Content Type,Content Last Watched Date (if viewed),Content Completed At (if completed),Content Saved,Notes taken on videos (if taken),
Fundamentos de Programação: Bancos de Dados,"Uma vez que você passar dos básicos da programação, você certamente precisará de um banco de dados. Bancos de dados fornecem uma estrutura consistente e organizada para armazenar e recuperar grandes quantidades de dados. Eles permitem que você crie aplicativos mais complexos que podem por exemplo, receber pedidos, processar pagamentos, fazer recomendações, autenticar usuários e muito mais. Este curso fornece os básicos necessários para você começar a criar e usar bancos de dados. Explore a terminologia: formas normais, ACID, CRUD, integridade referencial, transações, registros e tabelas. Aprenda o papel das chaves primárias e valores exclusivos em um modelo relacional. Aprenda como projetar o sistema ideal para conter seus dados, começando pelas tabelas e seus relacionamentos. Descubra como escrever consultas para extrair os dados necessários. Veja como manipular as diferentes demandas de armazenamento, acesso, desempenho e segurança. O instrutor Lucas Longo fornece exemplos práticos e explicações claras que ajudarão você a projetar bancos de dados que podem suportar as necessidades de seus aplicativos, dados e usuários.",Course,2021-02-26 16:16 UTC,N/A,false,N/A,
Excel: Macros e VBA para Iniciantes,"Se você é um usuário frequente do Excel, é provável que você tenha algumas tarefas repetitivas nele. Felizmente, você pode automatizar essas tarefas criando macros. Muitas pessoas presumem que as macros são coisas complicadas e reservadas somente para os usuários mais avançados do Excel. Não é assim! Neste curso rápido, o MVP de Excel Cristiano Galvão primeiramente explica quais são as melhores situações para usar uma macro e, em seguida, mostra como você pode preparar uma para gravar seus cliques, digitação e operações nas planilhas. Este conhecimento vai te levar a um entendimento do papel e do potencial do VBA (Visual Basic for Applications) para resolver inúmeros problemas.",Course,2021-09-06 16:29 UTC,N/A,false,N/A,
Fundamentos da Inteligência Artificial: Aprendizado de Máquina,"O aprendizado de máquina é uma das áreas mais vibrantes da inteligência artificial. Os algoritmos de aprendizado de máquina permitem que os computadores aprendam coisas novas sem serem programados para isso. Eles usam a estatística como uma forma de entender melhor a enorme quantidade de dados criada todos os dias. Os algoritmos mais recentes ajudam as máquinas a classificar imagens, sons e vídeos. Eles podem responder às nossas perguntas, descobrir novos medicamentos e até escrever músicas. Neste curso, examinaremos a definição e os tipos de aprendizado de máquina: supervisionado, não supervisionado e por reforço. Depois, você verá como usar os algoritmos mais conhecidos, como árvores de decisão, agrupamento e análise de regressão, para encontrar padrões em conjuntos de dados massivos. Por último, você conhecerá algumas das armadilhas ao iniciar no aprendizado de máquina.",Course,2021-05-21 17:53 UTC,N/A,false,N/A,
Descubra a Linguagem de Programação R,"Cada dia mais empresas se apoiam em dados para tomar decisões e melhorar os seus produtos. R é uma linguagem de programação gratuita, de código aberto, voltada para ciência de dados e está entre as ferramentas mais utilizadas para análise e manipulação de dados por profissionais da área. Aprenda o básico de R e inicie a sua jornada no mundo dos dados, com a instrutora e especialista em ciência de dados Jessica Temporal. As aulas vão te ensinar os primeiros passos com R, incluindo como instalar a linguagem e a ferramenta RStudio, assim como utilizar diversos pacotes da vasta biblioteca de  pacotes disponível. Você vai ver em primeira mão como fazer modelagem de dados, visualizações e análises estatísticas. Após terminar o curso, você vai ter um conhecimento básico, mas completo do poder e da flexibilidade de R, e entender como aproveitar essa ferramenta para explorar e analisar uma variedade  de dados.",Course,2021-07-29 09:26 UTC,N/A,false,N/A,
Conformidade com a LGPD: O Impacto em Empresas Brasileiras,"A Lei Geral de Proteção de Dados Pessoais terá influência sobre qualquer pessoa que já tenha fornecido seus dados e sobre qualquer instituição que detenha tais informações de seus clientes, colaboradores ou fornecedores. E é sobre esta relação que nós vamos falar neste curso. <br><br>

Para tanto, trataremos, principalmente, sobre:
a) a espinha dorsal da LGPD, ou seja, quais os elementos básicos para a compreensão desta Lei;
b) o que deve ser feito para estar em conformidade com a Lei;
c) as tendências e as perspectivas que teremos com esse novo cenário regulatório.<br><br>

Esse curso é compacto, modulado na dose certa para quem quer ter uma noção básica sobre a lei geral de proteção de dados, sem abrir mão do conhecimento dos pontos mais importantes desta Lei.

Junte-se à nós, desbrave a LGPD, descubra, para além da proteção de direitos e liberdades fundamentais, quais as oportunidades que surgem a partir da vigência desta lei.",Course,2021-05-13 21:06 UTC,N/A,false,N/A,
Como Dar Feedback aos Colaboradores,"Nesse curso, o escritor Todd Dewett ajuda você a identificar a melhor forma de dar feedback positivo e negativo aos funcionários. Saiba como criar uma cultura baseada em feedback efetivo, fazer coaching e dar sugestões que ajudam os funcionários a se desenvolverem. Descubra as características de feedback útil, seus diferentes tipos, conversas estruturadas e estratégias para reorientar as reações difíceis dos funcionários.",Course,2021-03-04 18:36 UTC,N/A,false,N/A,
Como Preparar e Fazer Apresentações de Negócios,"O que torna uma apresentação convincente? Uma apresentação feita com base em uma pesquisa profunda, adaptada aos interesses dos ouvintes e elaborada de forma a prever e responder às perguntas sobre a mensagem sendo transmitida. Neste curso, Tatiana Kolovou, autora e professora da Kelley Business School, ensina a preparar apresentações de negócios marcantes. Aprenda a identificar sua narrativa, recorrer à lógica e à emoção, ganhar credibilidade, preparar slides e fazer uma apresentação convincente. Nesta jornada, acompanhe Katie, uma jovem profissional se preparando para fazer uma apresentação aos executivos de sua empresa.",Course,2021-05-10 08:50 UTC,N/A,false,N/A,
Liderando Mudanças,"O curso abrange técnicas que aumentarão a probabilidade de sucesso da mudança, como antecipar resistência, criar uma visão convincente e usar a inteligência emocional para criar consenso na equipe.",Course,2021-04-25 15:35 UTC,N/A,false,N/A,
JavaScript: Formação Básica,"O JavaScript é uma linguagem de script para páginas web. À medida que a web evolui de um ambiente estático para um dinâmico, o foco da tecnologia está se afastando de marcação e estilo estáticos - frequentemente tratados por sistemas de gerenciamento de conteúdo ou scripts automatizados - para interfaces dinâmicas e interações avançadas. Uma vez visto como opcional, o JavaScript agora está se tornando parte integrante da web, ao inserir o seu script em cada camada.

Através de exemplos práticos e mini-projetos, este curso irá lhe ajudar a formar sua compreensão do JavaScript passo a passo, desde princípios básicos como variáveis, tipos de dados, condicionais e funções até tópicos avançados, incluindo laços de repetição, closures (fechamentos) e DOM scripting. Ao longo do percurso, você também será apresentado ao ES6 e aos fundamentos das bibliotecas de JavaScript.",Course,2020-11-24 01:25 UTC,N/A,false,N/A,
Learning Verilog for FPGA Development,"FPGA development requires a big switch from more typical programming processes. In order to get an FPGA-based embedded system up and running, developers must add a hardware description language to their repertoire. In this course, Eduardo Corpeño helps you learn the fundamentals of one such language: the popular and concise Verilog. Eduardo begins with the basics; he explains what a hardware description language is and some similarities to traditional programming languages. He then covers the basic syntax of Verilog, as well as how to create test bench modules to run simulations, use variables with operators as an advantage of the behavioral level of abstraction, and more. Along the way, he provides demos and programming challenges that allow you to put your new skills to the test.",Course,2020-12-12 18:21 UTC,N/A,false,N/A,
Fundamentos do Big Data: Técnicas e Conceitos,"O Big Data é uma grande novidade. Mas o que é Big Data e como podemos usá-lo? Simplificando, Big Data são dados que, em virtude de sua velocidade, volume ou variedade (os três vês), não podem ser facilmente armazenados ou analisados usando métodos tradicionais. As planilhas e bancos de dados relacionais não bastam para trabalhar com Big Data. Neste curso, Barton Poulson fala dos métodos que realmente funcionam, apresentando todas as técnicas e conceitos envolvidos na captura, armazenamento, manipulação e análise de Big Data, inclusive mineração de dados e análise preditiva. Ele explica a relação entre Big Data e ciência de dados, estatística e programação; seus usos em marketing, pesquisa científica e ferramentas como o mecanismo de recomendações da Amazon; e as questões éticas subjacentes à sua utilização.",Course,2021-09-18 15:46 UTC,N/A,false,N/A,
Fundamentos da Ciência de Dados,"Este curso de introdução proporciona uma visão abrangente da ciência de dados moderna: a prática da coleta, exploração, modelagem e interpretação de dados. Embora a maioria das pessoas só pense no ""grande assunto"", o Big Data, há muitas outras áreas e conceitos a investigar. Barton Poulson aborda disciplinas como programação, estatística, matemática, aprendizado de máquina, análise e visualização de dados e, é claro, Big Data. Ele explica por que existe tanta demanda por cientistas de dados atualmente e as competências necessárias para ter sucesso em diferentes tarefas. Barton mostra como obter dados de repositórios legítimos de código aberto por meio de Web APIs e scraping de páginas, além de apresentar tecnologias (R, Python e SQL) e técnicas (máquinas de vetores de suporte e florestas aleatórias) específicas para análise. Ao final do curso, você deve entender melhor o papel da ciência de dados na obtenção de conhecimentos expressivos a partir dos grandes e complexos conjuntos de dados ao nosso redor.",Course,2021-07-06 21:54 UTC,N/A,false,N/A,
Desenvolvimento de Software Remoto: Como Aumentar sua Produtividade,"Neste curso, descubra as características do trabalho remoto e suas particularidades no desenvolvimento de software, bem como algumas recomendações para aumentar sua produtividade: da gestão do tempo e configuração do espaço de trabalho ao desenvolvimento de competências interpessoais críticas para o teletrabalho. Ao terminar o curso, você será capaz de lidar com o trabalho remoto mais eficazmente, melhorando sua eficiência, desempenho e competências de forma imediata.",Course,2021-05-12 09:53 UTC,N/A,false,N/A,
LinkedIn para Estudantes,"Este é um curso focado em estudantes ou profissionais em início de carreira, que mostra passo a passo como construir e manter atualizado um perfil profissional completo, atrativo e relevante e como usar todos os recursos que o LinkedIn oferece para conectar-se com outros profissionais, buscar vagas e compartilhar ideias e aprendizados.",Course,2021-06-14 09:38 UTC,N/A,false,N/A,
Pensamento Estratégico,"Pensamento estratégico é a capacidade de pensar em escalas grande e pequena, em prazos longo e curto, no passado e no presente. Embora o pensamento estratégico seja uma competência valiosa para todo profissional, fica mais crítico quando se escala a pirâmide organizacional. Na verdade, você pode ter dificuldade para ser promovido, ou ter sucesso como líder sem ele. No entanto, ninguém ensina formalmente o pensamento estratégico — por isso, é essencial tomar a iniciativa e aprender como aplicá-lo. Este curso prepara gerentes e líderes para que usem o pensamento estratégico ao dar direção a suas equipes e buscar soluções para problemas de negócios. Especialista em carreiras e marca pessoal, Dorie Clark mostra como reservar tempo para pensar em estratégia, obter dados, aprender com o passado, criar uma visão para o futuro e implantar o pensamento estratégico em sua equipe.",Course,2021-04-20 22:05 UTC,N/A,false,N/A,
Como Influenciar as Pessoas,"Já teve problemas para convencer alguém a fazer algo, mesmo pensando no melhor para a pessoa? Às vezes as pessoas não cedem, mas felizmente existem outras ferramentas à disposição além de recompensas e punições. Junte-se a John Ullmen, PhD, que vai lhe explicar como influenciar as pessoas em momentos decisivos aplicando 18 métodos cientificamente comprovados. Seja para influenciar no trabalho ou em casa, você vai aprender o que as pessoas mais influentes fazem antes de exercer influência. Saiba como escolher os melhores passos em cada situação e como fazer para que as pessoas queiram ser influenciadas por você.",Course,2020-01-03 11:16 UTC,N/A,false,N/A,
Como Desenvolver a Autoconfiança,"A confiança é fundamental para o sucesso pessoal e profissional. Pessoas sem confiança tendem a perder novos desafios, relacionamentos e oportunidades. A boa notícia é que a autoconfiança se autoperpetua: uma vez desenvolvida, a confiança pode impulsionar você de uma situação para outra. Neste curso, o Dr. Todd Dewett, autor e educador, apresenta técnicas simples e práticas para desenvolver e manter a autoconfiança. No primeiro capítulo, ele ensina como assumir responsabilidade pela situação, aceitar suas imperfeições e tomar providências para seguir em frente. No segundo capítulo, você aprenderá a preservar sua confiança interação após interação, associando-se às pessoas certas, mantendo uma perspectiva positiva e elaborando um plano.",Course,2021-04-03 20:16 UTC,N/A,false,N/A,
Inventor 2022 esencial,"Amplía y expande tus habilidades sobre el modelado mecánico 3D con Autodesk Inventor y este curso. Conoce las herramientas y técnicas esenciales de este sistema de diseño paramétrico, desde la creación de un proyecto básico hasta el ensamblado de piezas, pasando por el modelado de componentes y otros muchos conceptos clave. Este curso está compuesto o puede incluir vídeos de otros cursos ya publicados.",Course,2021-09-09 14:53 UTC,N/A,false,N/A,
Fundamentos de Programação: Design Orientado a Objetos,"Esse curso é para programadores que querem conhecer ou revisitar os conceitos fundamentais do design e análise orientado a objetos. Independente da linguagem de programação que utiliza, esse curso pode te servir. Não vamos escrever uma linha de código, vamos em vez fazer toda a análise e planejamento necessários para começar a programar. O objetivo é que você use essas estratégias e documentação gerada nos seus projetos de programação. Vamos falar sobre casos de uso, histórias de usuários, FURPS+, cartões CRC, classes, objetos, polimorfismo, encapsulamento, instâncias, construtores, sobrecarga de métodos e muito mais.",Course,2021-09-11 20:30 UTC,N/A,false,N/A,
Como Aproveitar ao Máximo o LinkedIn,"Este é um curso básico para qualquer profissional interessado em aprender a usar o Linkedin em todo seu potencial. 

Conecte-se a novos contatos, encontre oportunidades profissionais e compartilhe conteúdo para ampliar sua voz e presença na rede. Com um perfil completo e atrativo, você estará se destacando e acessando as melhores oportunidades.

Não perca este passo a passo que te ajudará a construir um perfil campeão, atual e relevante, aproveitando tudo o que o Linkedin pode oferecer a você.",Course,2021-01-04 09:18 UTC,N/A,false,N/A,
Fundamentos do Scrum,"Se você passou algum tempo no mundo do gerenciamento de projetos, já deve ter ouvido falar do Scrum — a famosa estrutura para gerenciamento de processos complexos. Se essa estrutura misteriosa despertou seu interesse, este curso vai ajudar você a adquirir uma compreensão básica do que é Scrum e como iniciar sua implementação no trabalho. Acompanhe Kelley O'Connell, especialista em Scrum, enquanto ela explica porque essa metodologia conquistou o mundo empresarial e como ela é usada para organizar a equipe e o trabalho. Kelly também esclarece como gerenciar projetos e avaliar seu andamento, além de definir metas de melhoria gerenciáveis.",Course,2021-04-06 01:45 UTC,N/A,false,N/A,
Como Liderar e Incentivar Equipes Virtuais para Estimular a Motivação no Trabalho ,"Aprender a se comunicar, incentivar e gerenciar remotamente é fundamental quando sua equipe trabalha de forma virtual e precisa atingir um nível satisfatório de produtividade. Quer seja por decisão própria, quer seja por eventos externos que obrigaram a adotar o trabalho remoto, como a pandemia de COVID-19, é necessária uma comunicação muito mais otimizada. Neste curso, você aprenderá a aproveitar ao máximo as interações digitais, facilitando o entendimento e a cooperação, evitando a insensibilidade que o feedback sem o contato humano pode causar, aumentando o nível de envolvimento e, portanto, criando experiências mais positivas para você e sua equipe.",Course,2021-08-11 09:27 UTC,N/A,false,N/A,
Excel 2019: Formação Básica,"Esse curso possui uma abordagem focada nas principais ferramentas do Excel na sua versão 2019 e na produtividade de profissionais por meio de execuções, atalhos e facilidades que são ensinadas ao longo das aulas. São desenvolvidas planilhas, análises e execuções em casos semelhantes ao dia a dia de profissionais.",Course,2020-10-09 09:36 UTC,N/A,false,N/A,
Descubra o Python,"O Python é uma linguagem orientada a objetos, popular, altamente legível, poderosa e relativamente fácil de aprender. Se você é iniciante em programação ou um desenvolvedor experiente, este curso pode ajudar você a começar a usá-la. Danielle Monteiro fornece uma visão geral do processo de instalação, sintaxe básica do Python e um exemplo de como construir e executar um programa Python simples. Aprenda a trabalhar com datas e horas, ler e gravar arquivos e recuperar e analisar dados HTML, JSON e XML da Web, além de acessar dados em bancos de dados relacionais e NoSQL.",Course,2020-09-24 19:16 UTC,N/A,false,N/A,
Power BI: Formação Básica,"Descubra como obter insights rapidamente de seus dados usando o Power BI. Esse formidável conjunto de ferramentas pode ajudá-lo a criar e compartilhar visualizações com mais eficácia com outras pessoas em sua organização. Esse curso o ajudará a começar a usar esse poderoso conjunto de ferramentas. Começamos abordando o Power BI Serviço baseado na web, explicando como importar dados, criar visualizações bem como organizá-las em relatórios, como fixar visualizações em painéis para compartilhamento com outras pessoas e como fazer perguntas sobre seus dados com o Power BI P&R. Além do Power BI Serviço, também teremos uma visão geral sobre o Power BI Desktop e o Power BI para celulares.",Course,2021-08-08 19:21 UTC,N/A,false,N/A,
Como Passar do Modelo em Cascata ao Modelo Ágil na Gestão de Projetos,"Se sua organização deseja aproveitar os benefícios de tempo, qualidade e custo da gestão de projetos Ágil, este curso é para você. A especialista em Ágil Kelley O'Connell ajuda os interessados a entender as diferenças entre os métodos tradicionais em cascata e o método Ágil, além de o que é necessário para uma transição bem-sucedida. Ela dá dicas de como obter apoio para um projeto-piloto: identificando os apoiadores desde o início e mantendo-os engajados, ao mesmo tempo que responde aos críticos. Então, ela conduz você pelo processo de escolha do projeto-piloto, selecionando a equipe certa e definindo a visão, e explora os fundamentos do Ágil para que possa começar. Por fim, aprenda como realizar uma análise retrospectiva do piloto e identificar os impulsionadores para expandir a utilização do Ágil.",Course,2021-08-12 09:55 UTC,N/A,false,N/A,
Truques Criativos para Líderes,"Esta série de vídeos curtos aborda pequenas doses de ideias e ferramentas para estimular sua criatividade, exercitar suas conexões neuronais e desenvolver hábitos criativos que você pode usar individualmente no dia a dia e compartilhar com sua equipe. Todos os exercícios são cem por cento práticos e podem ser facilmente ajustados às suas necessidades e projetos. Prepare-se para brincar com papel, rabiscos e ideias, como quando você era criança e um pequeno estímulo era suficiente para deixar sua criatividade voar.",Course,2020-12-17 01:49 UTC,N/A,false,N/A,
Técnicas de Persuasão em Vendas,"Entender como as pessoas pensam e se comportam é fundamental para dominar a arte da persuasão e é um ingrediente essencial para qualquer venda bem-sucedida. Neste curso, Brian Ahearn utiliza o trabalho de psicólogos sociais e economistas comportamentais para fornecer informações concretas e práticas, além de ideias facilmente aproveitáveis em cada estágio do processo de vendas. Para começar, aprenda quais são os oito conceitos psicológicos que você pode empregar em todo o fluxo de trabalho de vendas: reciprocidade, simpatia, aprovação social, autoridade, coerência, escassez, comparação/contraste e porquê. Em seguida, entenda o papel desses conceitos nos estágios iniciais do ciclo de vendas e saiba como eles podem ajudar a perceber as qualidades do seu cliente ideal, fazer apresentações, tratar de objeções, negociar, fechar a venda e pedir indicações. Por fim, saiba como crescer com cada venda realizada e continuar aperfeiçoando sua abordagem.",Course,2020-12-10 21:27 UTC,N/A,false,N/A,
Fundamentos de Análise de Dados,"No curso de Fundamentos de Análise de Dados, exploraremos conceitos importantes sobre dados, o papel do analista de dados, da governança de dados e a importância de coletá-los, tratá-los e modelá-los corretamente. Além dessa estrutura conceitual, também serão exibidas na prática algumas execuções analíticas no Microsoft Access, assim como a apresentação desses dados no Power Point. Por último, obtenha atalhos úteis para aumentar a produtividade e dicas de solução de problemas para o programa de análise de dados mais popular, o Microsoft Excel.",Course,2021-04-13 12:41 UTC,N/A,false,N/A,
Como Falar em Público,"Desenvolva as habilidades necessárias para preparar e fazer excelentes discursos e apresentações com nosso treinamento sobre como falar em público. A autora Laura Bergells oferece ideias práticas para auxiliar apresentadores na preparação, abertura, desenvolvimento e encerramento de seus discursos. Ao longo do curso, aprenda a projetar confiança, estruturar uma apresentação, receber perguntas, responder de forma sensata e desenvolver histórias criativas que dão vida a uma apresentação.",Course,2021-03-20 10:05 UTC,N/A,false,N/A,
Descubra o SQL,"SQL (Structured Query Language) é a linguagem padrão para manipular dados em bancos de dados relacionais, como SQL Server, Oracle, MySQL, MariaDB e PostgreSQL. 
Este curso tem como objetivo te conduzir na descoberta desta linguagem tão fantástica e tão amplamente usada.
Saiba como buscar, ordenar, agrupar, classificar, alterar, deletar e incluir dados no seu banco de dados. 
Sua meta, portanto, é que você compreenda a linguagem SQL e não apenas decore os comandos mais conhecidos como o SELECT, INSERT, DELETE, UPDATE!",Course,2021-09-10 13:06 UTC,2021-09-10 12:48 UTC,false,N/A,
Liderança com Inovação,"Nenhuma organização sobrevive sem inovação. Grandes ou pequenas, novas ou antigas, com ou sem fins lucrativos, todas as organizações precisam continuar a se transformar para ter êxito. Mas como você mantém a inovação contínua? Os especialistas em estratégia Anil Gupta e Haiyan Wang descrevem a lógica central da inovação e como os líderes de muitas companhias e organizações sem fins lucrativos — incluindo Apple, Amazon, Google e Khan Academy — estimulam a inovação sem perder o controle. Eles descrevem as várias formas — incluindo Design Thinking, startups enxutas e inovação colaborativa — pelas quais qualquer organização pode inovar. Mostram, ainda, como as organizações podem mudar as regras do jogo ao redefinir os clientes-alvo, repensar a proposta de valor para o cliente e/ou reestruturar a cadeia de valor. E discutem os “porquês” e “comos” da transformação digital e da inovação social. Use estas estratégias para descobrir novos caminhos para a inovação em sua organização. ",Course,2021-03-23 22:24 UTC,N/A,false,N/A,
Gestão Ágil de Projetos com o Microsoft Project,"Aprenda a usar o Microsoft Project para gerenciar projetos ágeis e híbridos!
Neste curso demonstraremos a gestão de projetos ágeis criando campos personalizados para rastrear elementos ágeis, tais como funcionalidades e sprints, gerenciando e atualizando listas de tarefas ágeis conforme o trabalho é concluído no Microsoft Project. 
Aprenda também a acompanhar o progresso do projeto ágil, a gerar relatórios de burndown e determinar a velocidade da sua equipe, bem como gerenciar um projeto híbrido, combinando gestões tradicional e ágil lado a lado.
Por fim, conheça as novas ferramentas ágeis incorporadas nativamente ao cliente Project Online deskop.",Course,2021-02-27 23:49 UTC,N/A,false,N/A,
Como se Comunicar com Confiança,"Muitas pessoas têm medo de falar em público, mas a comunicação oral efetiva é uma habilidade fundamental nos negócios. Jeff Ansell fornece ferramentas, estratégias e dicas de comunicação simples, que são fáceis de usar e geram resultados imediatos. Ele ajudará você a parecer mais confiante, usar seu corpo e a linguagem para expressar melhor as ideias e superar a ansiedade. No último capítulo do curso, todos esses conceitos são reunidos em dois exercícios reais de coaching, que ajudarão você a ver as técnicas na prática.",Course,2021-05-31 02:28 UTC,N/A,false,N/A,
Mulheres na Tecnologia: Como Romper a Barreira de Gênero,"Inicie-se na tecnologia rompendo a barreira de gênero. Desenvolva competências para mitigar a desigualdade, ganhar visibilidade, construir uma rede, escolher os projetos certos e abrir caminho para mudanças. A série <i>Mulheres na Tecnologia</i> tem como objetivo ajudar mulheres que desejem trabalhar <i>e</i> permanecer no setor de tecnologia. Neste minicurso, Lori Mackenzie, professora da Stanford Graduate School of Business e diretora executiva do Clayman Institute for Gender Research, explica o que as mulheres podem fazer para romper o preconceito implícito e explícito e sair na frente. Com estas dicas, você pode começar sua carreira com tudo — e transformar o setor de tecnologia de dentro para fora.",Course,2021-06-24 09:27 UTC,N/A,false,N/A,
Como Cultivar a Competência Cultural e a Inclusão no Ambiente de Trabalho,"Os ambientes de trabalho inclusivos podem gerar soluções mais criativas, aumentar o moral dos colaboradores e beneficiar os resultados financeiros de uma empresa. Embora cada vez mais empresas modernas avancem rumo à verdadeira inclusão no local de trabalho, muitas ainda fracassam na tentativa. Isso geralmente é devido à falta de competência cultural, ou capacidade de compreender e se adaptar às diferenças culturais. Neste curso, a instrutora Mary-Frances Winters explica por que a competência cultural é a chave para o sucesso de qualquer iniciativa relacionada à diversidade e como avaliar e desenvolver sua própria competência cultural. Ela compartilha cenários e técnicas que podem ajudar você a entender como sua visão do mundo afeta seu comportamento e como compreender e se adaptar de forma mais eficaz às diferenças culturais.",Course,2021-08-31 16:53 UTC,N/A,false,N/A,
Como Causar uma Boa Impressão em um Primeiro Encontro,"As primeiras impressões são importantes. Quer você esteja entrando em uma reunião, participando de uma entrevista ou negociação, precisa saber como construir um bom relacionamento de forma imediata. Por sorte, causar uma primeira impressão duradoura não é uma competência inata — há uma ciência por trás disso. Neste curso, Vanessa Van Edwards — pesquisadora principal da Science of People, um laboratório de pesquisa do comportamento humano — compartilha estratégias baseadas em pesquisas que podem ajudar você a se destacar nos primeiros segundos de qualquer interação. Vanessa explora a linguagem corporal necessária para causar uma primeira impressão envolvente, os sinais vocais para soar mais confiante tanto pessoalmente quanto ao telefone e as melhores saudações para iniciar uma ótima conversa. Além disso, obtenha dicas para transformar uma conversa entediante em um diálogo animado e memorável.",Course,2021-08-24 23:58 UTC,N/A,false,N/A,
Gestão Ágil no Trabalho: Relatórios com Gráficos e Quadros Ágeis,"Equipes ágeis precisam de um método acessível para relatar o progresso. Os relatórios ágeis devem ser simples e fáceis de ler, radiando informações para todos os membros da equipe. Neste curso, o especialista em gestão ágil Doug Rose descreve um processo para relatar o desenvolvimento de seu projeto ágil. Ele mostra como priorizar o backlog do produto, atualizar o quadro de tarefas e monitorar a evolução do projeto com gráficos de burndown. Além disso, ele explica como evitar as armadilhas mais comuns, por exemplo, a readaptação de documentos e o trabalho com equipes distribuídas.  Bônus: assista ao capítulo adicional no fim deste curso, em que Doug responde a perguntas comuns sobre a mentalidade ágil, incluindo que tipos de projetos melhor se adequam a essa gestão.",Course,2021-01-23 16:07 UTC,N/A,false,N/A,
Fundamentos de Gestão de Mudanças,"Mudanças são difíceis, mas necessárias para que as empresas prosperem e sobrevivam. Você - como líder ou gerente - pode ajudar a implementar novos processos e iniciativas de negócios usando a gestão de mudanças organizacionais (OCM, na sigla em inglês). Neste curso, o consultor e especialista em gestão da mudança, Bob McGannon, aborda os princípios e técnicas necessárias para impulsionar mudanças  em projetos de uma determinada área de negócios ou em toda uma organização. Ele ajuda você a preparar, gerenciar e apoiar o processo de mudança, descrevendo as cinco fases envolvidas e as oito competências necessárias para o sucesso. Bob também ajuda a entender as etapas da mudança em âmbito individual, para ajudar os membros da equipe e as partes interessadas a se adaptarem.",Course,2021-01-08 21:41 UTC,N/A,false,N/A,
Seis Sigma: Green Belt,"O Seis Sigma é uma metodologia voltada ao cliente, apoiada em dados e amplamente utilizada para analisar e melhorar o desempenho de processos, produtos e serviços. Neste curso, obtenha a formação necessária para se tornar um Green Belt em Seis Sigma. Os Green Belts lideram ou participam de projetos Seis Sigma em período parcial, sob orientação de um Black Belt. O especialista em excelência operacional, instrutor Master Black Belt e professor universitário Dr. Richard Chua explica como usar o Seis Sigma e suas ferramentas de processo, qualidade e estatísticas, preparando você para se tornar um Green Belt em Seis Sigma.
Dr. Richard Chua utiliza como base seus cursos Fundamentos do Seis Sigma e Conceitos de Minitab, tratando de uma série de assuntos, como análise do sistema de medição, estatísticas descritivas, teste de hipóteses, delineamento de experimentos, controle estatístico de processos e muito mais.",Course,2021-03-31 08:56 UTC,N/A,false,N/A,
Liderança com Inteligência Emocional,"As emoções estão por toda parte no trabalho, e é importante que os líderes entendam como aproveitá-las para estimular a produtividade e relacionamentos construtivos. Neste curso, Britt Andreatta mostra como desenvolver a inteligência emocional para atuar melhor ao liderar equipes, trabalhar com os colegas e gerenciar as relações com os superiores.
Saiba o que é inteligência emocional, conheça sua importância no trabalho e aprenda técnicas práticas para elevar seu próprio quociente emocional (QE). Isso inclui ter uma percepção precisa de si mesmo, exercer o autocontrole emocional, praticar a resiliência e desenvolver a empatia. Em seguida, use essas lições para desenvolver sua consciência do outro, aprendendo a inspirar as pessoas a se comunicarem de forma útil e gerenciar conflitos.",Course,2020-12-18 22:18 UTC,N/A,false,N/A,
Comunicação na Liderança 4.0: O Poder da Síntese,"Neste breve curso de áudio, você aprenderá um pouco sobre como um verdadeiro líder se comunica nos dias de hoje, a fim de se fazer ouvido e, também, ouvir seus colaboradores. A comunicação não depende somente da junção das palavras que saem de nossas bocas, mas também de como elas são recebidas pelo outro. Por isso, é essencial buscar continuamente a clareza e a relevância da comunicação para obter sucesso profissional. 
Esse curso é recomendado para líderes que desejam conhecer estratégias e dicas para aperfeiçoar sua comunicação e a de seu time.		
Descubra mais sobre esse assunto tão importante, que promove sinergia e cooperação entre sua equipe! Seja bem vindo ao curso Comunicação 4.0!",Course,2020-11-11 09:18 UTC,N/A,false,N/A,
Python para Ciência de Dados: Formação Básica,"Ao usar o Python para obter o valor de dados brutos, você pode simplificar a jornada muitas vezes complexa que é transformar dados em informação. Neste curso prático com muita mão na massa, aprenda como usar o Python e as mais diversas bibliotecas utilizadas em ciência de dados hoje para preparar, coletar e visualizar dados e também a realizar diversos tipos de análise. Aprenda também a aplicar diversas técnicas supervisionadas e não-supervisionadas de machine learning, como capturar dados disponíveis na internet e também como fazer diversos tipos de visualizações.",Course,2021-07-01 01:13 UTC,N/A,false,N/A,
Como Desenvolver sua Inteligência Emocional,"A inteligência emocional pode ajudar você a construir relacionamentos eficazes no trabalho. A coach executiva e psicóloga organizacional Gemma Roberts explica o que é inteligência emocional e sua importância. Ela ajudará você a se tornar mais autoconsciente, para que consiga identificar os gatilhos emocionais que podem comprometer seu desempenho. Ela também auxiliará você a conciliar suas intenções e o impacto que deseja causar, para que você possa construir relacionamentos sólidos e colaborativos.",Course,2020-12-03 23:15 UTC,N/A,false,N/A,
Como Conduzir Conversas Difíceis,"Conflitos são inevitáveis, no trabalho e na vida. Gerentes devem abordar problemas de desempenho e colegas com prioridades concorrentes devem descobrir como trabalhar juntos. Essas situações exigem conversas difíceis. Neste curso, Marlene Chism explica como conduzir conversas difíceis, desenvolver as competências de comunicação e melhorar os relacionamentos, trabalho em equipe e desempenho nos negócios. Ela mostra como identificar as diferenças subjacentes nos estilos de trabalho, objetivos e dinâmica de poder e como mudar a forma como vemos os conflitos. Também fornece um modelo para levar a conversa em uma direção positiva e determinar os próximos passos. Além disso, compartilha como testar a resistência com uma simples frase.",Course,2020-12-07 16:10 UTC,N/A,false,N/A,
A Linguagem Corporal da Liderança,"As pesquisas mostram que quando seus sinais verbais e não verbais estão fora de sintonia, as pessoas são forçadas a escolher entre o que ouvem e o que veem. No subconsciente, elas vão acreditar na sua linguagem corporal. Neste curso, a doutora e especialista em linguagem corporal no local de trabalho Carol Kinsey Goman revela como a linguagem corporal é vista e costuma ser mal interpretada. Ela compartilha os seis sinais não verbais que você precisa conhecer para causar uma primeira impressão positiva. Também fala da importância da linguagem corporal para líderes e mostra como você pode criar uma presença de liderança. Por fim, ela oferece dicas simples e eficazes sobre comunicação com gestos e postura.",Course,2020-11-21 00:32 UTC,N/A,false,N/A,
Como Lidar com Pessoas Difíceis no Trabalho,"Em todos os locais de trabalho, você perceberá que é mais difícil trabalhar com alguns colegas do que com outros. Antes de julgar precipitadamente, é prudente verificar se e como você contribui para a situação - afinal, é possível que você seja o problema. Se constatar que o problema não é você, este curso será ainda mais útil.<br><br>
Nele, Chris Croft compartilha métodos para reconhecer as características de alguns dos tipos mais comuns de pessoas difíceis e estratégias para lidar com essas pessoas de uma forma mais efetiva. Chris oferece técnicas para lidar com uma variedade de comportamentos, que incluem a negatividade, agressividade, infantilidade e egoísmo. Além disso, ele explica como superar seus pensamentos negativos e obter o melhor de um chefe difícil.",Course,2021-07-09 01:43 UTC,N/A,false,N/A,
Mindfulness: Fundamentos da Atenção Plena,"Os estudos científicos confirmam que a atenção plena proporciona maior desempenho, saúde e bem-estar. É por isso que empresas líderes, como o Google e o Deutsche Bank, vêm implementando programas de atenção plena para os funcionários. John Ullmen, coach executivo e professor PhD da Universidade da Califórnia, explica os conceitos fundamentais da atenção plena e oferece métodos passo a passo que qualquer pessoa pode utilizar. Todas as técnicas foram corroboradas por pesquisas e validadas na prática, gerando resultados para quem deseja lidar com o estresse, a ansiedade, o medo, a preocupação e a insegurança, além de aumentar a confiança, o máximo desempenho e a conexão com os outros.",Course,2020-11-30 16:06 UTC,N/A,false,N/A,
Desenvolvimento Ágil de Software,"A abordagem Ágil — que enfatiza a entrega e a melhoria contínuas, a colaboração e a receptividade a mudanças — pode ajudar os profissionais a melhorar tanto a produtividade quanto a qualidade de seus produtos finais. Neste curso, conheça os fundamentos do Ágil para desenvolvedores e saiba por que essa abordagem é especialmente adequada para a engenharia de software. O instrutor Shashi Shekhar explora os princípios-chave da abordagem Ágil do ponto de vista dos desenvolvedores. Em seguida, analisa o Scrum — um framework Ágil bastante conhecido — e discute seus princípios, papéis e eventos. Também explica como complementar a implantação do Scrum com o Kanban, explora em profundidade a Programação Extrema (XP) e compartilha como uma equipe de desenvolvimento deve aplicá-la para ser mais eficaz e eficiente. Ao longo do curso, Shashi oferece exemplos práticos que ajudam a reforçar os conceitos abordados.",Course,2021-09-09 11:36 UTC,2021-02-28 12:39 UTC,false,N/A,
Como Criar uma Cultura de Alto Desempenho,"Se você for um líder, é responsável por estabelecer a cultura da organização. Para manter a competitividade, é preciso criar uma cultura de alto desempenho. Neste curso, o coach executivo e consultor Mike Figliuolo revela como definir a cultura e a direção da organização, gerenciar o desempenho organizacional e garantir que as plataformas e processos certos estejam prontos para reforçar a nova cultura. Ao longo do curso, Mike ilustra esses tópicos dando dicas práticas e exemplos reais.",Course,2021-07-12 21:45 UTC,N/A,false,N/A,
Vieses Inconscientes: Como Lidar com a Diversidade Cultural nas Empresas,"Encontre mais significado, bem-estar e produtividade e descubra como interagir com outras pessoas superando as diferenças. Avance em sua jornada de desenvolvimento e descubra como criar ambientes inclusivos onde todos possam prosperar. Neste curso, Arianna Huffington e Vernā Myers discutem o impacto de nossas perspectivas culturais nas relações diárias e como combater o preconceito existente em nossas palavras e ações.",Course,2021-07-22 21:28 UTC,N/A,false,N/A,
Como Manter uma Atitude Positiva no Trabalho,"Líderes efetivos — além de serem experientes e bons em seu trabalho — geralmente conseguem manter uma perspectiva positiva, mesmo quando surgem dificuldades. Neste curso, entenda por que manter uma atitude positiva no trabalho traz tantos benefícios e explore estratégias para aumentar a positividade e lidar com situações difíceis. Brenda Bailey-Hughes compartilha técnicas para interromper padrões de pensamento negativo e cultivar ambientes, relacionamentos e hábitos positivos. Veja também como permanecer autenticamente positivo ao responder às pessoas e situações negativas.<br><br>Para conhecer novas percepções e celebrar suas vitórias com outros participantes do curso, você pode juntar-se ao <a href=""https://www.linkedin.com/groups/12065005"" target=""_blank"">grupo de discussão</a>do LinkedIn para este curso.",Course,2021-06-11 18:27 UTC,N/A,false,N/A,
Como Vencer a Procrastinação,"A procrastinação está afetando seu trabalho? Descubra, em apenas 20 minutos, por que isso acontece e saiba como se preparar para vencer a procrastinação no futuro. A autora e professora Brenda Bailey-Hughes, da Kelley School of Business, mostra como diferenciar a procrastinação de outros comportamentos, identificar os motivos e usar estratégias que ajudarão você a lidar com a procrastinação e aumentar sua produtividade.",Course,2021-08-03 09:07 UTC,N/A,false,N/A,
O Futuro da Gestão de Desempenho,"Com a automação e a globalização modificando a própria natureza do trabalho, até as metas de desempenho do mês passado talvez não se sustentem. A forma de avaliação do trabalho também precisa mudar. Gary Bolles, cofundador da eParachute, explica como o planejamento do desempenho vem substituindo a gestão de desempenho, como gerentes e funcionários devem manter um diálogo contínuo e como os gerentes precisam administrar a lacuna entre as habilidades dos trabalhadores e as competências necessárias. Gary também aborda a necessidade adicional de planejamento do desempenho da equipe, mostra como avaliar os resultados e os incentivos à equipe e explica como dimensionar a gestão de desempenho para toda a organização. Por fim, descreve o que significa construir uma cultura de alto desempenho.",Course,2020-10-05 02:43 UTC,N/A,false,N/A,
Gestão Ágil no Trabalho: Como Tornar as Reuniões Ágeis mais Produtivas,"Muitas equipes ágeis iniciantes acham que reuniões flexíveis permitem agir da maneira mais eficaz. Na realidade, os projetos ágeis se desenvolvem melhor com atividades curtas e bem estruturadas. Cada atividade tem timebox, de modo que as equipes permaneçam no rumo certo e trabalhem dentro do tempo e plano definidos.  Neste curso, o especialista em gestão ágil Doug Rose descreve como tornar as reuniões ágeis o mais produtivas possível. Ele fornece orientações para atividades comuns, como planejamento de liberação, reunião em pé diária, planejamento de Sprint e demonstração de produto. Ao longo do curso, conheça as armadilhas mais comuns das reuniões e os desafios de manter as atividades no rumo certo.",Course,2021-05-24 09:06 UTC,N/A,false,N/A,
Como Passar da Colaboração à Gerência,"Antes de começar em seu primeiro cargo de gerência, é importante se preparar para uma mudança de mentalidade e prioridades. Nesse curso, a coach em liderança, autora de best-sellers e consultora Roberta Matuson explica como iniciar com êxito seu novo cargo de gerência. Roberta compartilha estratégias que ajudarão você a fazer a transição de foco em seu próprio desempenho, como colaborador individual, para foco no sucesso da equipe, como gerente. Ela ajuda você a enfrentar os obstáculos comuns, como gerenciar ex-colegas, obter o compromisso e avaliar a equipe, e se preparar para evoluir como líder.",Course,2021-01-16 02:26 UTC,N/A,false,N/A,
Recrutamento On-line: Como Conduzir Entrevistas Virtuais Bem-Sucedidas,"Você nem sempre encontrará os melhores candidatos em seu estado ou país. Para expandir seus negócios, você precisa adaptar-se às realidades do novo cenário de contratação. Descubra uma técnica de entrevista que permite economizar tempo e dinheiro e ajuda a encontrar os melhores talentos em todo o mundo. A entrevista virtual pode agilizar seu processo de contratação tradicional e atrair os candidatos mais talentosos e propensos a se engajar e permanecer em sua empresa. Neste curso, a especialista em recrutamento de pessoal Barbara Bruno explica como se preparar para um processo de contratação on-line e conduzir uma entrevista virtual bem-sucedida. Além disso, ela apresenta os benefícios das entrevistas virtuais e oferece dicas sobre como fazer o acompanhamento, pré-fechamento e cultivo do relacionamento com o novo colaborador, para ajudá-lo a se integrar de maneira mais rápida e eficaz.",Course,2021-08-06 09:45 UTC,N/A,false,N/A,
Técnicas de Comunicação Interpessoal,"Comunicar-se com efetividade não é um talento nato que algumas pessoas têm e outras não — é algo que qualquer um pode aprender e aplicar. Neste curso, conheça estratégias que ajudarão você a aperfeiçoar suas competências de comunicação interpessoal. Junte-se a Dorie Clark, especialista em marca pessoal e carreira, e conheça técnicas para se comunicar com efetividade no trabalho e enfrentar possíveis desafios de comunicação com seus colegas e supervisor. Ela também explica como lidar com situações complicadas e com interrupções, responder a feedbacks críticos e se comunicar em diferentes culturas.",Course,2020-10-05 09:05 UTC,N/A,false,N/A,
Liderança sem Autoridade Formal,"Liderança não é apenas uma habilidade para gestores. Demonstrar liderança é importante para funcionários em todos os níveis de uma organização. Todos os dias surgem oportunidades para liderar, quer você tenha uma posição de liderança formal ou não. Neste curso, Lisa Earle McLeod e Elizabeth McLeod, especialistas em liderança e desenvolvimento pessoal, explicam como especialistas ou colaboradores individuais podem demonstrar liderança influenciando, inspirando, mentoreando e motivando outras pessoas. Elas também ajudam a superar desafios únicos, como liderar ao entender que seu chefe ou sua equipe, está indo na direção errada.",Course,2021-01-19 16:26 UTC,N/A,false,N/A,
Introdução à Ciência de Dados: Conceitos Básicos,"Muitas pessoas que trabalham em equipes de ciência de dados não são cientistas de dados. São gerentes e outros interessados que desejam obter valor comercial a partir dos dados da organização. Elas precisam entender a linguagem da ciência de dados para que possam fazer perguntas melhores, entender os processos e liderar a equipe e a organização na tomada de melhores decisões baseadas em dados. Este curso é uma introdução à ciência de dados para pessoas que não planejam ser cientistas de dados em tempo integral. Ele introduz conceitos, ferramentas e técnicas de big data, incluindo coleta e classificação de dados, trabalho com bancos de dados, compreensão de tipos de dados estruturados e não estruturados e aplicação de análise estatística. O coach em gestão e escritor Doug Rose ajuda você a falar a linguagem da ciência de dados para que possa orientar a organização no que diz respeito às oportunidades e limitações neste campo que cresce exponencialmente.",Course,2021-08-16 21:11 UTC,N/A,false,N/A,
Fundamentos do Seis Sigma,"Saiba como aplicar o Seis Sigma para promover melhorias no desempenho de seus processos, produtos e serviços. O Dr. Richard Chua explica os fundamentos do Seis Sigma, uma abordagem de melhoria voltada para o cliente e baseada em dados. Entre os conceitos básicos que ele aborda estão os requisitos críticos para a qualidade (CTQs), variação, defeitos por milhão de oportunidades (DPMO), as funções e os níveis de certificação dos profissionais Seis Sigma e os critérios para a identificação bem-sucedida de projetos Seis Sigma. O curso termina percorrendo as cinco fases da metodologia DMAIC do Seis Sigma — Definir, Medir, Analisar, Incrementar e Controlar — e as etapas, dados e principais resultados envolvidos em cada fase.",Course,2021-04-09 21:22 UTC,N/A,false,N/A,
Gestão Ágil no Trabalho: Como Criar Equipes Ágeis,"O Ágil está se tornando a abordagem preferida para a gestão de projetos de evolução acelerada. No centro de todo projeto Ágil há uma equipe Ágil. Neste curso, o primeiro da série Gestão Ágil no Trabalho do LinkedIn Learning, o especialista Doug Rose usa um projeto modelo e mostra como formar uma equipe Ágil. Uma equipe com mentalidade Ágil é auto-organizada, colaborativa e responsável. Ele também descreve as armadilhas comuns inerentes à implantação: as novas equipes dever ficar atentas para a confusão de papéis e entender os desafios da gestão de grupos auto-organizados.",Course,2021-02-28 14:57 UTC,N/A,false,N/A,
O Poder das Perguntas para Estimular o Pensamento Crítico e a Curiosidade,"A grande característica em comum de muitos líderes de sucesso é sua curiosidade natural e desejo de aprender. Todos nós somos curiosos por natureza – então por que algumas pessoas parecem conseguir mais respostas e tirar o máximo proveito de suas vidas? Simplificando, elas tendem a apresentar pensamento crítico e fazer as perguntas certas. Neste curso, aprenda a aproveitar o poder das perguntas para melhorar ainda mais sua equipe, liderança e carreira. Joshua Miller explica os benefícios da curiosidade e mostra como se fortalecer por meio de perguntas. Descubra o papel das redes sociais quando fazemos perguntas, por que determinados tipos de perguntas podem levar a becos sem saída, como responder com eficácia às perguntas dirigidas a você e muito mais. <br><br>",Course,2021-02-17 01:42 UTC,N/A,false,N/A,
Gestão de Novos Cargos de Gerência,"Gerenciar novos líderes envolve um conjunto exclusivo de desafios. Mesmo o colaborador individual mais destacado pode ter dificuldades ao desempenhar seu novo cargo e lidar com mais responsabilidades. Neste curso, aprenda como apoiar e inspirar novos líderes durante essa transição tão importante. A especialista em liderança Sara Canaday mostra como identificar as perspectivas e desafios únicos de seus novos gerentes, definir as expectativas de transição, fornecer coaching a apoio e cultivar as condições certas para ajudá-los a ter sucesso.",Course,2020-11-17 23:01 UTC,N/A,false,N/A,
Histórias de Vida: Mulheres na Tecnologia,"Neste curso, conhecerá as histórias de vida de Danielle Monteiro, Amanda Cavallaro e Jessica Temporal, três mulheres desenvolvedoras que compartilham os desafios de ser mulher trabalhando em um mundo de homens, como tradicionalmente é o campo da tecnologia.",Course,2021-09-10 09:42 UTC,N/A,false,N/A,
Como Melhorar a Prospecção de Vendas,"A prospecção em vendas é em grande medida um jogo mental. Você pode dizer as coisas certas, mas se sua atitude não corresponder às palavras ou se o processo de prospecção for inconsistente, seu êxito estará em risco.
Neste curso, o escritor e coach de vendas da Fortune 500, Jeff Bloomfield, ajudará você a desenvolver a mentalidade certa para prospecção: mostrando como eliminar distrações e se concentrar em seus clientes potenciais e seus objetivos/preocupações, e como seu serviço ou produto pode ajudá-los de um modo exclusivo. Ele também dá dicas sobre como criar uma programação para ser bem-sucedido e se recompensar para permanecer motivado.",Course,2021-08-07 10:15 UTC,N/A,false,N/A,
Técnicas para Lidar com o Trabalho sob Pressão,"A pressão é uma parte inevitável do trabalho e de nossas vidas. Aqueles que conseguem manter a calma em situações desafiadoras e de alta pressão — ou até mesmo prosperar — colocam-se em uma posição melhor para ter êxito. Neste curso, saiba como identificar as situações de pressão e enfrentá-las com confiança. O instrutor Eddie Davila ajudará você a identificar seus pontos de pressão e explicará como abordá-los com preparação e planejamento, além do que fazer quando chegar o grande momento.",Course,2021-06-26 22:24 UTC,N/A,false,N/A,
Como Melhorar suas Competências de Escuta,"Assim como você pode aprimorar a habilidade de falar em público através da prática, também pode se tornar um bom ouvinte — ouvir com atenção é uma habilidade que pode ser aprendida. Neste curso, junte-se à especialista em carreira Dorie Clark para descobrir por que é difícil ouvir bem e como desenvolver a mentalidade de um bom ouvinte. Ela apresenta várias técnicas de escuta que ajudarão você a evitar interrupções, a ouvir o que não estiver sendo dito e a saber o que fazer quando não estiver sendo ouvido. Além disso, ela explica como demonstrar que o interlocutor foi ouvido, e como ouvir pessoas tidas como irritantes.",Course,2021-08-10 00:27 UTC,N/A,false,N/A,
Contratação por Desempenho,"Os melhores profissionais não estão procurando apenas um outro cargo; eles querem desafios e crescimento. Para conseguir os melhores profissionais, você precisa atrai-los de modo diferente, o que significa que seu processo de recrutamento — sua prospecção, entrevista e recrutamento — precisam mudar, e até mesmo seu modo de escrever descrições de cargo. Neste curso, Lou Adler, CEO e fundador do Adler Group, explica a contratação por desempenho, um processo completo de quatro etapas para contratar os melhores talentos. Lou descreve as etapas para ajudá-lo a ampliar o banco de talentos (prospecção), criar descrições de cargo que entregue os candidatos da mais alta qualidade (seleção), entrevistar para que você descobrir o que realmente leva ao desempenho (entrevista) e tomar as melhores decisões de contratação (recrutamento).",Course,2020-11-27 09:33 UTC,N/A,false,N/A,
Descubra o Power BI,"Esse curso é direcionado para profissionais que precisam analisar dados e querem aumentar sua produtividade utilizando uma das melhores ferramentas de business intelligence da atualidade. Nesse curso, serão abordadas técnicas de preparação, modelagem, visualização e compartilhamento de relatórios e painéis utilizando o Power BI Desktop e Power BI Serviço. Também teremos uma introdução sobre suas diversas plataformas, tipos de contas e sobre o que é business intelligence.",Course,2021-03-25 19:22 UTC,N/A,false,N/A,
Arquitetura de Software: Introdução à Análise de Projetos,"Descubra por que a análise de projetos e, principalmente, a coleta de requisitos, é importante para o sucesso de um projeto de software. Neste curso, você aprenderá as técnicas necessárias para analisar os requisitos de modo eficiente, conhecendo os diferentes tipos de requisitos, métodos para coletá-los e possíveis erros que podem surgir nesta fase com exemplos reais que você enfrentará diariamente durante o processo de desenvolvimento do software.",Course,2021-09-02 22:50 UTC,N/A,false,N/A,
Indústria 4.0: Fundamentos da Quarta Revolução Industrial,"O mundo está sendo transformado pela Quarta Revolução Industrial. Às vezes chamada de Indústria 4.0 ou I4.0, a Quarta Revolução Industrial leva a revolução digital a outro nível. A tecnologia em sua essência — automação em larga escala, a baixo custo e inteligência de máquina — tem o potencial de afetar a forma como aprendemos, trabalhamos, nos movemos, nos comunicamos e interagimos. Esta série de vídeos baseada em palestras analisa as mudanças disruptivas em marcha na ciência e na cultura, e seu impacto no futuro. Descubra as principais tecnologias que estão surgindo, incluindo a inteligência artificial e blockchain, e seus efeitos nas cidades, indústrias e pessoas. O Dr. Jonathan Reichental explica ainda como as pessoas podem agir para assegurar que a Indústria 4.0 não deixe ninguém para trás.",Course,2021-08-28 16:56 UTC,N/A,false,N/A,
Excel 2019: Fórmulas e Funções Avançadas,"Este curso consiste em demonstrar na prática a aplicação das principais fórmulas e funções do Excel 2019. São centenas de funções distribuídas em 12 categorias diferentes. Não há como dominar o Excel sem conhecer minimamente o poder das suas funções. Neste treinamento é abordado as principais funções para agregações de valores, cálculos condicionais e funções lógicas, cálculos estatísticos e matemáticos, manipulação de datas e hora, uso de referências relativas e absolutas e como depurar erros. Essencial para quem quer subir um degrau a mais no uso do Excel no dia a dia.",Course,2021-07-15 09:43 UTC,N/A,false,N/A,
Seis Sigma: Black Belt,"Demonstre seu domínio dos princípios, filosofias e ferramentas relacionadas ao Seis Sigma, tornando-se um Black Belt em Seis Sigma certificado. Os Black Belts atuam sob supervisão dos Master Black Belts, aplicando a metodologia Seis Sigma a projetos específicos e dedicando a ela todo o seu valioso tempo. Neste curso, o especialista em excelência operacional, instrutor Master Black Belt e professor universitário Dr. Richard Chua explica como usar o Seis Sigma e suas ferramentas estatísticas e de qualidade, preparando você para se tornar um Black Belt.",Course,2021-03-03 17:13 UTC,N/A,false,N/A,
Using SQL with C++,"C++ is a powerful language for database applications, and it can be an excellent tool to use with SQL. In this course, instructor Bill Weinman gets you started on leveraging the power of C++ in SQL, starting with the basics, like connecting to a database, performing simple queries, and reading rows from a table. He also explains how to use prepared statements and bind variables, as well as how to build a wrapper class to streamline the SQL interface. Finally, he shows you how to build a specialized application class so you can create an application using what you learned. If you’re an experienced C++ developer looking to learn how to use C++ with SQL, this course is for you.",Course,2021-09-18 19:57 UTC,N/A,false,N/A,
Como Dizer Não,"Aprender a dizer não é escolher o que é importante para você. Neste curso, Todd Dewett mostra como priorizar a importância das tarefas de acordo com seus objetivos e valores. Usando estas diretrizes, você saberá quando dizer ""sim"" e quando dizer ""não"" de forma mais eficaz. Você também aprenderá a dizer não de maneira breve, honesta, positiva e respeitosa.",Course,2021-02-07 11:33 UTC,N/A,false,N/A,
Excel: Como Criar um Dashboard Básico (365/2019),"O curso Excel: Como Criar um Dashboard Básico aplicará os principais conhecimentos no Excel em suas fórmulas, funções, gráficos, tabelas e formatações para criação de um painel, também conhecido como ""Dashboard"", que põe em evidência dados com o objetivo de facilitar sua interpretação e consequente tomada de decisão em análises que precisam ser realizadas. O conjunto de técnicas utilizadas potencializará os dados, valorizando as respostas procuradas. Uma das habilidades que desenvolveremos será a adaptação e combinação de conceitos e técnicas aprendidas isoladamente, atuando em conjunto para criação de um painel desses. 
O objetivo desse curso é desenvolvermos juntos um cenário analítico profissional e de fácil interpretação, evidenciando o que há de mais importante nos dados.",Course,2020-10-01 09:08 UTC,N/A,false,N/A,
Como Fazer Perguntas Poderosas para Vendas,"Muitas vezes, as visitas comerciais se transformam em um interrogatório, e os clientes em potencial se perguntam qual é o objetivo da conversa. Neste curso, Jeff Bloomfield, autor e coach de vendas de empresas da lista Fortune 500, oferece uma alternativa baseada no princípio de que as vendas eficazes começam com o foco nas questões mais importantes para os clientes. Jeff ajuda você a entender os problemas comerciais dos clientes e usar essas informações para orientar as perguntas de vendas. Ele explica como criar e fazer perguntas de sondagem eficazes, avaliar o impacto comercial da solução e ir além quando necessário. Ele também fornece conselhos sobre como manter o tom de voz apropriado durante toda a conversa, para uma interação de vendas mais satisfatória e um relacionamento duradouro com o cliente.",Course,2021-08-19 23:00 UTC,N/A,false,N/A,
Técnicas Avançadas de Power BI,"No curso ""Power BI: Avançado"" exploraremos com mais profundidade técnicas de importação e tratamento de dados, modelagem e cálculos no DAX, criação de visuais compatíveis com seus tipos de dados e publicação e compartilhamento do seu projeto no Power BI Serviço. Exploraremos algumas funções do DAX com detalhes para responder a algumas das principais questões de negócios em organizações. A aplicação de técnicas de Business Intelligence no dia a dia de todo profissional é essencial para comparar, melhorar e ter novas ideias de caminhos e desenvolvimentos que a empresa possa seguir",Course,2020-11-03 23:03 UTC,N/A,false,N/A,
Burnout: Como Evitar o Esgotamento no Trabalho,"Períodos prolongados de estresse — relacionados ao trabalho, vida pessoal ou problemas de saúde — podem levar ao burnout, ou esgotamento profissional. Este estado reduz a produtividade e nos enfraquece, sobrecarregados pelas tarefas cotidianas e nos sentindo cada vez mais pessimistas e ressentidos. Neste curso, Todd Dewett ajuda você a identificar as causas mais comuns de burnout, como o elevado número de horas dedicadas ao trabalho, muitas viagens de negócios, prazos curtos e falta de férias, a fim de encontrar uma maneira de evitar o acúmulo de estresse e se recuperar.",Course,2020-09-17 18:22 UTC,N/A,false,N/A,
Excel: Introdução às Fórmulas e Funções,"O curso ""Excel: Introdução às Fórmulas e Funções"" explora as principais funções do Excel, bem como seus recursos que facilitam o dia a dia de profissionais, como o ""Atingir Meta"", ""Cenários"" e ""Tabelas de Dados"". Além dessas técnicas, serão exploradas formas de avaliação através de fórmulas, e também apuração de erros, a fim de facilitar a aplicação das técnicas aprendidas. Uma das principais funções do Excel é armazenar cálculos e potencializar sua edição, flexibilizando-o assim para diferentes aplicações de negócios, e com esse curso você será capaz de explorar suas principais aplicações.",Course,2021-01-12 09:43 UTC,N/A,false,N/A,
Fundamentos de Contabilidade,"A contabilidade usa informações financeiras do passado para tomar decisões no presente e mudar o futuro. Este curso oferece uma introdução aos quatro tipos básicos de contabilidade — escrituração contábil, contabilidade financeira, gerencial e tributária — e explica a relação entre contabilidade, tomada de decisão, desempenho do negócio e saúde financeira. Os professores de contabilidade Jim e Kay Stice exploram as três principais demonstrações financeiras, usando exemplos reais de empresas como o Walmart. Eles mostram como as firmas usam a contabilidade gerencial para criar orçamentos e determinar o custo dos produtos e explicam como os impostos, deduções fiscais e créditos tributários são calculados nos Estados Unidos. O curso é independente, não há pré-requisitos ou conhecimento especializado necessário para fazê-lo. No final, você entenderá melhor a contabilidade e como ela afeta os negócios e as finanças pessoais.",Course,2021-06-17 23:49 UTC,N/A,false,N/A,
Técnicas Avançadas de Python,"Desenvolva suas habilidades de programação Python. Python é uma ótima opção para implementar vários tipos de soluções, mas para aproveitar ao máximo seu poder e flexibilidade, você precisa dominar as suas funcionalidades avançadas. Neste curso, você pode aprender como aproveitar os recursos avançados do Python como métodos de classe orientadas a objetos, usar o módulo logging para rastrear o desempenho e a atividade do usuário, e como tornar seu código mais eficiente e mais fácil de ler e manter. A instrutora Jessica Temporal também mostra como manipular dados, construir classes e funções personalizadas, criar listas e escrever um código mais elegante e otimizado.",Course,2021-05-11 09:06 UTC,N/A,false,N/A,
Liderança Colaborativa,"A colaboração se tornou um ingrediente essencial para a sobrevivência e o sucesso organizacional. Com cada vez mais organizações adotando a cultura colaborativa, um novo modelo de liderança está surgindo — substituindo o comando e controle pela confiança e inclusão. O novo papel do líder é criar um ambiente no qual as pessoas escolham participar e contribuir. Este curso traz insights e ajuda a desenvolver competências para que você construa relacionamentos colaborativos em sua equipe e em toda a organização. A instrutora Carol Kinsey Goman explica por que a colaboração é tão importante, introduz elementos e competências essenciais para a liderança colaborativa e fornece estratégias práticas para a colaboração, desde a preparação de reuniões presenciais mais efetivas até o trabalho com equipes remotas e a colaboração intercultural. Além disso, ela dá dicas para que você tenha a linguagem corporal de um líder colaborativo e torne a colaboração um hábito.",Course,2021-06-12 20:21 UTC,N/A,false,N/A,
Como Lidar com a Depressão no Trabalho,"A depressão tem a curiosa capacidade de drenar as cores da vida, transformando até as tarefas mais comuns em desafios. Quando até sair da cama é difícil, o que fazer ao chegar ao escritório? Embora nem mesmo a máxima coragem possa fazer com que essa condição desapareça, há estratégias simples que você pode usar para superar os dias ruins — e até melhorar seu bem-estar e produtividade. Neste curso, junte-se ao Dr. Srini Pillay, coach executivo certificado e professor assistente de psiquiatria da Harvard Medical School, e conheça técnicas que ajudam as pessoas com depressão a abordar seu trabalho de modo mais efetivo e obter o apoio de que precisam. Saiba como gerenciar melhor o humor e a fadiga, abordar a depressão com colegas de trabalho, gerenciar e liderar as pessoas enquanto se recupera e muito mais.

Nota: Este curso tem como objetivo fornecer uma visão geral dos problemas de saúde mental no local de trabalho, além de dicas gerais de bem-estar que podem ser úteis aos funcionários. Ele não deve ser encarado como um diagnóstico ou prescrição de tratamento para depressão ou qualquer outra condição médica. Qualquer pessoa com depressão ou dúvidas sobre sua condição médica deve consultar um profissional de saúde.",Course,2021-05-06 12:59 UTC,N/A,false,N/A,
Da Vitimização à Ação: Como Assumir o Controle,"Vitimização significa culpar outras pessoas ou circunstâncias externas ao enfrentarmos os desafios da vida. Essa mentalidade de “não é minha culpa” pode atingir equipes, organizações ou sociedades. Mas por que culpar os outros quando podemos assumir o controle? Neste curso, o coach executivo e chefe de desenvolvimento organizacional do LinkedIn, Fred Kofman, ajuda você a aceitar os desafios da vida, passando de vitimista a herói. Além disso, ele mostra como ajudar os outros a fazerem o mesmo com apoio e orientação.",Course,2021-06-16 21:31 UTC,N/A,false,N/A,
Gráficos no Excel: Uma Visão Aprofundada,"Dados brutos ou apenas informações podem não transmitir a informação de forma apropriada. Gráficos são recursos visuais que facilitam a interpretação desses dados. Além disto, eles são um recurso muito poderoso e fácil de usar, que faz parte do Excel desde suas primeiras versões. <br><br>

Neste curso vamos analisar a maior parte dos gráficos existentes e ainda analisar os seis gráficos novos que foram implementados na versão 2016 do aplicativo. <br><br>

Este é um curso adaptado do instrutor Dennis Taylor e você verá como utilizar recursos dos gráficos de coluna, barra e linha, pizza, além de aprender a manipular seus componentes e recursos. 
Depois de ver esse curso você conseguirá avaliar qual o melhor gráfico para a análise que estiver desenvolvendo.<br><br>

Aprenda como ajustar a cor e o estilo do seu gráfico; adicionar títulos, rótulos e legendas; insira formas, figuras e caixas de texto, além de extrair dados de várias fontes. <br>
Praticando todos os conceitos abordados neste curso você conseguirá criar excelentes gráficos, além de imprimí-los e compartilhá-los.",Course,2020-11-08 02:05 UTC,N/A,false,N/A,
Fundamentos de Gestão Ágil,"Equipes que adotam uma mentalidade ágil costumam responder melhor ao feedback dos clientes e às mudanças nas necessidades comerciais. Além disso, elas se divertem um pouco mais no processo. Você quer implementar os princípios do manifesto ágil em sua equipe? Este curso pode ajudar. Junte-se a Doug Rose e confira os conceitos fundamentais que você precisa saber para começar a pensar como uma equipe ágil. Ele analisa os valores e princípios incluídos no manifesto ágil e explica como melhorar a comunicação com histórias de usuários e equipes multifuncionais. Descubra como responder às mudanças de maneira ágil, explore as metodologias ágeis populares e conheça as funções comuns em uma equipe ágil. No decorrer do curso, Doug fornece alguns exercícios que podem contribuir para aumentar a agilidade e produtividade de sua equipe.",Course,2021-02-27 23:56 UTC,N/A,false,N/A,
Como Identificar seus Pontos Fortes,"Para ter sucesso em sua carreira, você deve conhecer seus pontos fortes. Porém, muitas vezes é difícil identificá-los. Junte-se ao especialista em liderança Dave Crenshaw em uma jornada de autodescoberta e aprenda a usar uma abordagem simples para identificar seus pontos fortes. Descubra seus talentos naturais, suas paixões, competências e melhores habilidades. Além disso, Dave fornece exercícios para ajudar você a identificar os aspectos em que deve se concentrar — e o que deve evitar —, a fim de desenvolver seus pontos fortes e aumentar seu valor profissional. Os exercícios também podem contribuir para determinar se você está na carreira certa e o que pode fazer para ajustar uma incompatibilidade.",Course,2021-05-26 09:47 UTC,N/A,false,N/A,
Fundamentos de DevOps,"O DevOps não é uma estrutura ou um fluxo de trabalho. É uma cultura que vem surpreendendo o mundo empresarial. O DevOps garante colaboração e comunicação entre engenheiros de software (Dev) e operações de TI (Ops). Com o DevOps, as alterações chegam à produção mais rapidamente, os recursos são mais fáceis de compartilhar, e sistemas em larga escala são mais fáceis de gerenciar e manter.<br><br>

Neste curso, Ernest Mueller e James Wickett, famosos profissionais de DevOps, apresentam uma visão geral do movimento DevOps, concentrando-se no valor fundamental do CAMS (cultura, automação, métricas e compartilhamento). Eles abordam as diversas metodologias e ferramentas que uma organização pode adotar para fazer a transição para o DevOps, analisando os princípios ágeis e enxutos da gestão de projetos e como princípios tradicionais, como ITIL, ITSM e SDLC, se encaixam no DevOps.

O curso termina com uma discussão dos três princípios fundamentais do DevOps – automação de infraestrutura, entrega contínua e engenharia de confiabilidade –, além de alguns recursos adicionais e um breve olhar para o futuro, conforme as organizações fazem a transição das arquiteturas de nuvem para arquiteturas sem servidor.",Course,2021-03-17 23:23 UTC,N/A,false,N/A,
Como Desenvolver sua Imagem Profissional,"O desenvolvimento da imagem profissional nem sempre é uma tarefa intuitiva para os recém-formados que ingressam no mundo do trabalho. Neste curso, a coach executiva e psicóloga organizacional Gemma Leigh Roberts oferece dicas e orientações para ajudar você a iniciar sua carreira profissional com sucesso. Ela destaca as principais diferenças entre o ambiente acadêmico e o contexto laboral e explica como desenvolver a mentalidade certa para lidar com os desafios profissionais e progredir na carreira. Além disso, ela compartilha conselhos para se adaptar a um novo local de trabalho e mostra como criar uma estratégia de carreira para alcançar o sucesso, se concentrando em sua visão, missão, metas e objetivos.",Course,2021-03-30 08:51 UTC,N/A,false,N/A,
Fundamentos de Finanças,"Finanças é parte do mundo real. Ela afeta a todos: pessoas, famílias, empreas e governos. Embora possa parecer algo complicado, o principal em finanças é decidir o que adquirir, como obter o dinheiro necessário e gerenciar os recursos adquiridos. Neste curso, os professores de negócios da Brigham Young University, Jim e Kay Stice, oferecem uma visão abrangente de finanças, abordando tudo, desde a leitura de um balanço até a compreensão de derivativos e valores mobiliários. Eles abordam questões como “Qual a diferença entre gestão financeira de curto prazo e financiamento de longo prazo?” e “Qual a diferença entre bancos tradicionais, bancos de investimento e fundos de investimento?” Ao longo do curso, você terá uma boa visão dos relatórios financeiros de empresas como Walmart e Toys R Us, IPOs da Microsoft e do Facebook e até dos dados usados em decisões financeiras pessoais, como na compra de um carro.",Course,2021-02-11 11:42 UTC,N/A,false,N/A,
Fundamentos da Ciência de Dados: Mineração de Dados,"Toda ciência de dados começa com bons dados. A mineração de dados é uma abordagem para coleta, pesquisa e filtragem de dados brutos em situações sistemáticas, garantindo a obtenção de dados limpos desde o começo. Também auxilia na análise de grandes conjuntos de dados e na obtenção das informações mais úteis e relevantes. Este curso, Fundamentos da Ciência de Dados: Mineração de Dados, visa oferecer uma introdução sólida a todas as ferramentas, técnicas e raciocínio tático por trás da mineração de dados. Barton Poulson aborda fontes e tipos de dados, as linguagens e os programas usados na mineração de dados (incluindo R e Python) e lições específicas baseadas em tarefas que ajudam a praticar as técnicas mais comuns de mineração de dados: mineração de textos, agrupamento de dados, análise de associação e muito mais. Este curso é fundamental para os interessados em ingressar na força de trabalho de ciência de dados e para quem precisa adquirir mais experiência em mineração de dados.",Course,2021-03-05 22:20 UTC,N/A,false,N/A,
Tabelas Dinâmicas no Excel: Uma Visão Aprofundada,"Um dos principais recursos do Excel para análise de dados é a Tabela Dinâmica.<br><br>

Desde o seu lançamento, a tabela dinâmica vem sendo atualizada e melhorada. A versão atual da suite de aplicativos Office (2019) apresenta melhorias que trarão a todos os analisadores dados melhorias que facilitarão bastante a criação de relatórios, dashboards e informações gerenciais rápidas e dinâmicas, permitindo uma tomada de decisão mais assertiva. 
Aprenda a utilizar corretamente a disposição dos campos para análise, cruze informações, inclua segmentação de dados, análise de linha de tempo e faça cálculos com campos e itens sem ter que alterar os dados originais, criando fórmulas em suas tabelas de dados.",Course,2021-05-04 09:05 UTC,N/A,false,N/A,
Como Ser uma Pessoa Assertiva,Todos ficamos frustrados quando alguém se aproveita de nós ou reagimos agressivamente quando nos sentimos provocados ou bloqueados. Aprenda a superar essas reações automáticas sendo assertivo. Este curso revela em que consiste a assertividade e como ela difere da agressão. Veremos técnicas específicas que você pode usar para lidar com situações desafiadoras e pessoas difíceis.,Course,2021-03-09 15:58 UTC,N/A,false,N/A,
Computação em Nuvem: Noções Básicas,"Vai migrar para a nuvem? Tenha uma visão geral da computação em nuvem e dos principais conceitos que você deve levar em consideração ao mudar para a nuvem. Há três tipos de soluções em nuvem: software como serviço, infraestrutura como serviço e plataforma como serviço. O instrutor David Linthicum ajuda você a avaliar essas soluções, como a Amazon Web Services, Google Cloud, Salesforce.com e Office 365, além dos dados e aplicativos mais indicados para a nuvem. David explica como selecionar um provedor de nuvem e planejar uma migração. Ele também analisa questões de segurança e as operações e ferramentas diárias comuns de que os administradores de TI precisam para manter sua infraestrutura baseada em nuvem funcionando.",Course,2021-04-22 09:10 UTC,N/A,false,N/A,
Técnicas de Fechamento de Vendas,"O que separa vendedores inexperientes dos bem-sucedidos é a capacidade de fechar vendas. No entanto, em conjunto com a prospecção e o tratamento de objeções, o fechamento de vendas é uma das competências de mais difícil domínio para vendedores. Participe deste curso com Dean Karrel, instrutor e executivo de vendas há mais de 30 anos, que apresenta dicas e técnicas para ajudar você a desenvolver sua própria estratégia de fechamento bem-sucedido. Aprenda a cuidar do relacionamento com o comprador, superar obstáculos, reconhecer sinais de compra e pedir para fechar negócio. Além disso, saiba como melhorar sua taxa de conversão ao longo do funil de vendas, ampliando o significado de “vender”.",Course,2021-08-15 19:36 UTC,N/A,false,N/A,
Como Gerenciar Múltiplas Gerações no Ambiente de Trabalho,"Saiba mais sobre as diferenças percebidas entre as gerações e descubra como aproveitar o valor colaborativo da diversidade de idade em toda a equipe. O instrutor John Tarnoff explica como pessoas nascidas em grupos etários distintos podem trabalhar juntas com eficácia, transformando atitudes e experiências aparentemente divergentes em relações profissionais harmoniosas e produtivas. John desfaz alguns mitos comuns sobre cada geração e apresenta manuais e práticas recomendadas para ajudar gerentes e subordinados a trabalharem juntos de maneira mais eficaz. Ele também lista as ações que as organizações podem tomar para melhor apoiar a diversidade de idade.",Course,2021-08-23 08:56 UTC,N/A,false,N/A,
Fundamentos de Estatística: Parte 1,"A estatística não é um domínio apenas de cientistas de dados. Todo tipo de profissão usa estatística. Ela é importante para a tomada de decisões, novas descobertas, investimentos e previsões. Seja o assunto eleições, rankings esportivos, tendências de consumo, seja avanços na saúde, a estatística ajuda a entender seu tópico favorito em um nível mais profundo. <br><br>

O professor Eddie Davila aborda os conceitos básicos de estatística, como calcular médias, medianas, modas e desvios-padrão. Ele mostra como usar curvas de probabilidade e distribuição para embasar decisões e como detectar falso-positivos e dados enganosos. Cada conceito é abordado em linguagem simples, com exemplos detalhados que mostram como a estatística é usada em cenários do mundo dos negócios, esportes, educação, entretenimento, e muito mais. Essas técnicas ajudarão você a entender seus dados, provar teorias e economizar tempo, dinheiro e outros recursos valiosos — tudo a partir do entendimento dos números.",Course,2021-05-19 09:52 UTC,N/A,false,N/A,
LinkedIn: Tudo o que Você Precisa Saber para Ter Sucesso nos Negócios,"No LinkedIn, além de criar um perfil, ampliar sua rede, buscar vagas e criar ou compartilhar conteúdos, você também pode fazer negócios e ter uma página exclusiva para ele: a LinkedIn Page. <br><br>

Este é um curso de nível básico a intermediário para profissionais interessados em criar sua LinkedIn Page e usar seu perfil para se conectar e abordar potenciais clientes de forma relevante e contextualizada. <br><br> 

Veremos as diferenças entre um perfil e uma página e darei dicas para criar a sua LinkedIn Page na plataforma e usá-la no dia a dia para fortalecer o negócio e melhorar suas abordagens. <br><br>

Se você é um destes profissionais que está buscando potencializar o uso do LinkedIn profissionalmente, não perca a oportunidade de aprender mais sobre esse assunto, explorando todos os recursos disponíveis, a fim de aumentar seu alcance e produtividade.",Course,2021-04-14 21:27 UTC,N/A,false,N/A,
Fundamentos de Estatística: Parte 2,"A estatística é uma competência essencial para muitas profissões. A estatística básica é crítica para as decisões, novas descobertas, investimentos e previsões. Mas, às vezes, é preciso ir além do básico. O curso Fundamentos de Estatística: Parte 2 leva os usuários de negócios e especialistas em ciência de dados a um aprendizado prático, baseado em exemplos das competências intermediárias em estatística: amostras e amostragem, intervalos de confiança e teste de hipóteses.  Eddie Davila inicia com uma síntese da primeira parte do curso, revisando conceitos introdutórios, como dados e probabilidade. Em seguida, passa para amostragem, amostras aleatórias, tamanhos de amostra, erro e confiabilidade de amostragem, o teorema do limite central, distribuição-t, intervalos de confiança (incluindo a explicação de resultados inesperados) e teste de hipóteses. Este curso é obrigatório para quem trabalha com ciência de dados, negócios e análise de negócios — ou qualquer pessoa que queira ir além de médias e medianas e ter uma compreensão mais profunda de como a estatística funciona no mundo real.",Course,2021-05-14 21:37 UTC,N/A,false,N/A,
Gestão de Profissionais de Alto Potencial,"Ao gerenciar funcionários de alto potencial, você tem a oportunidade de abrir o caminho para alguns dos melhores talentos de sua organização. Altos potenciais são os funcionários com maior probabilidade de serem promovidos − e ter sucesso − em funções de liderança. Ajudando estrategicamente esses profissionais a desenvolver e expandir suas responsabilidades, você pode ter um impacto significativo no futuro de sua organização. Neste curso, a especialista em liderança Sara Canaday ajuda a compreender as perspectivas e motivações dos profissionais de alto potencial e, com esses conhecimentos, você poderá atender às expectativas deles e fornecer o nível adequado de apoio e desenvolvimento de que precisam.",Course,2021-01-29 02:02 UTC,N/A,false,N/A,
Excel para Iniciantes: Tabelas Dinâmicas,"Este curso foi preparado para que você possa ter uma ótima base de conhecimento para criação e uso das tabelas dinâmicas. Este recurso sem dúvida é um dos melhores disponibilizados pela Microsoft no Excel e dará a você total liberdade para criar visões diversificadas dos seus dados, gerando informações que permitirão uma análise completa e rápida. ",Course,2020-09-28 00:51 UTC,N/A,false,N/A,
Ambientes de Trabalho Tóxicos: Da Atitude Passiva à Ação,"Trabalhar em um ambiente tóxico pode fazer com que qualquer pessoa se sinta desamparada. Até mesmo representantes do RH podem sentir que estão de mãos atadas, mas você tem o poder de mudar a trajetória da cultura de sua organização. Quando abandonamos uma atitude passiva e entramos em ação, responsabilizando os colegas de trabalho por maus comportamentos, podemos transformar um local de trabalho tóxico em um ambiente de apoio, onde os funcionários sejam capazes de fazer o melhor. Neste curso, Catherine Mattice Zundel apresenta ferramentas e estratégias para entrar em ação e se tornar um aliado. Saiba como criar uma cultura de defensores, fazer com que os colaboradores e colegas mantenham uma conduta profissional e desenvolver as competências necessárias para se manifestar quando os colegas sofrerem intimidação ou assédio.",Course,2021-08-18 09:44 UTC,N/A,false,N/A,
Hábitos de Sucesso,"Os hábitos foram identificados como o segredo para o sucesso no longo prazo. Faça uma pequena pausa para conhecer um novo hábito de sucesso. Junte-se ao experiente e perspicaz instrutor Chris Croft durante esta jornada em que ele oferece dicas valiosas e práticas para o sucesso. Ele aborda tópicos como a relação entre sucesso, dinheiro e felicidade, inteligência emocional, definição de objetivos, organização, propósito de vida e criatividade.",Course,2021-03-07 02:14 UTC,N/A,false,N/A,
Formação Básica em Outlook (Office 365/Microsoft 365),"Neste curso, aprenderemos a configurar e gerenciar e-mails, calendários e contatos usando o Microsoft Outlook do Office 365 (Microsoft 365). Ele possui muitas ferramentas para trabalho, organização a agendamento, além de colaboração efetiva; como usuário iniciante, você será levado a conhecer a interface e utilização de diferentes contas de e-mail no Outlook. Serão mostradas a criação, leitura, envio de e-mails e atualização de calendários e tarefas, assim como a criação e compartilhamento de contatos utilizando o Hub pessoal. Adicionalmente, aprenda a criar ou restaurar o backup de dados do Oulook para um novo computador!",Course,2021-08-21 18:19 UTC,N/A,false,N/A,
Como Desenvolver uma Mentalidade de Aprendizagem,"Desenvolver uma mentalidade de aprendizagem é enxergar os desafios como oportunidades e manter a motivação para aprender algo todos os dias. O fundador da eParachute, Gary Bolles, mostra como desenvolver uma mentalidade de aprendizagem para que a aquisição de conhecimentos se torne um hábito, não uma obrigação. Encontre a motivação para aprender, explore como o cérebro capta e retém informações e descubra como fazer uma autoavaliação para saber quais são seus conhecimentos e como gosta de aprender. Além disso, Gary compartilha estratégias para tornar a aprendizagem uma prática divertida e gratificante que você jamais vai esquecer.",Course,2021-03-19 09:24 UTC,N/A,false,N/A,
Atendimento ao Cliente: Técnicas de Resolução de Problemas e Conflitos,"O atendimento ao cliente custa às organizações uma fortuna a cada ano. Como resultado, é fundamental que os colaboradores tenham as competências necessárias para lidar com diferentes problemas de atendimento ao cliente. Neste curso, conheça os processos essenciais para resolver uma ampla variedade de problemas e conflitos dos clientes com uma atitude sensata. Descubra como lidar com os problemas de modo eficaz e manter um relacionamento positivo com seus clientes, bem como o equilíbrio mental. Além disso, saiba como identificar e resolver problemas sistêmicos em sua empresa.",Course,2020-11-14 11:27 UTC,N/A,false,N/A,
Gestão de Contas-Chave,"Para crescer, uma empresa deve proteger seu ativo mais valioso: a base de clientes fiéis. Você deve dar atenção especial a alguns desses clientes, promovendo a retenção e os negócios. Neste curso, o professor de marketing Drew Boyd mostra como identificar os clientes-chave e definir uma estratégia para gerenciar seus clientes e sua organização. Ele apresenta os fundamentos da gestão de contas-chave, explicando o que é, por que é importante e como abordar o processo. Além disso, explica como selecionar contas-chave, desenvolver uma estratégia para elas, contratar e treinar gerentes especializados no assunto e avaliar os resultados gerados nessa área.",Course,2021-06-29 23:13 UTC,N/A,false,N/A,
